ProductID,ProductName,SupplierID,CategoryID,QuantityPerUnit,UnitCost,UnitPrice,UnitsInStock,UnitsOnOrder,ReorderLevel,Discontinued
1,Chai,1,1,10 boxes x 20 bags,11.88,18.0,39,0,10,0
2,Chang,1,1,24 - 12 oz bottles,14.44,19.0,17,40,25,0
3,Aniseed Syrup,1,2,12 - 550 ml bottles,5.6,10.0,13,70,25,0
4,Chef Anton's Cajun Seasoning,2,2,48 - 6 oz jars,16.28,22.0,53,0,0,0
5,Chef Anton's Gumbo Mix,2,2,36 boxes,19.86,21.35,0,0,0,1
6,Grandma's Boysenberry Spread,3,2,12 - 8 oz jars,15.5,25.0,120,0,25,0
7,Uncle Bob's Organic Dried Pears,3,7,12 - 1 lb pkgs.,18.3,30.0,15,0,10,0
8,Northwoods Cranberry Sauce,3,2,12 - 12 oz jars,32.4,40.0,6,0,0,0
9,Mishi Kobe Niku,4,6,18 - 500 g pkgs.,87.3,97.0,29,0,0,1
10,Ikura,4,8,12 - 200 ml jars,20.15,31.0,31,0,0,0
11,Queso Cabrales,5,4,1 kg pkg.,19.53,21.0,22,30,30,0
12,Queso Manchego La Pastora,5,4,10 - 500 g pkgs.,23.94,38.0,86,0,0,0
13,Konbu,6,8,2 kg box,5.1,6.0,24,0,5,0
14,Tofu,6,7,40 - 100 g pkgs.,13.25,23.25,35,0,0,0
15,Genen Shouyu,6,2,24 - 250 ml bottles,8.06,15.5,39,0,5,0
16,Pavlova,7,3,32 - 500 g boxes,9.07,17.45,29,0,10,0
17,Alice Mutton,7,6,20 - 1 kg tins,23.79,39.0,0,0,0,1
18,Carnarvon Tigers,7,8,16 kg pkg.,44.38,62.5,42,0,0,0
19,Teatime Chocolate Biscuits,8,3,10 boxes x 12 pieces,5.52,9.2,25,0,5,0
20,Sir Rodney's Marmalade,8,3,30 gift boxes,72.9,81.0,40,0,0,0
21,Sir Rodney's Scones,8,3,24 pkgs. x 4 pieces,8.4,10.0,3,40,5,0
22,Gustaf's Knäckebröd,9,5,24 - 500 g pkgs.,16.59,21.0,104,0,25,0
23,Tunnbröd,9,5,12 - 250 g pkgs.,7.74,9.0,61,0,25,0
24,Guaraná Fantástica,10,1,12 - 355 ml cans,2.92,4.5,20,0,0,1
25,NuNuCa Nuß-Nougat-Creme,11,3,20 - 450 g glasses,10.64,14.0,76,0,30,0
26,Gumbär Gummibärchen,11,3,100 - 250 g bags,16.55,31.23,15,0,0,0
27,Schoggi Schokolade,11,3,100 - 100 g pieces,31.61,43.9,49,0,30,0
28,Rössle Sauerkraut,12,7,25 - 825 g cans,27.36,45.6,26,0,0,1
29,Thüringer Rostbratwurst,12,6,50 bags x 30 sausgs.,65.61,123.79,0,0,0,1
30,Nord-Ost Matjeshering,13,8,10 - 200 g glasses,14.5,25.89,10,0,15,0
31,Gorgonzola Telino,14,4,12 - 100 g pkgs,7.25,12.5,0,70,20,0
32,Mascarpone Fabioli,14,4,24 - 200 g pkgs.,19.84,32.0,9,40,25,0
33,Geitost,15,4,500 g,1.75,2.5,112,0,20,0
34,Sasquatch Ale,16,1,24 - 12 oz bottles,9.38,14.0,111,0,15,0
35,Steeleye Stout,16,1,24 - 12 oz bottles,14.4,18.0,20,0,15,0
36,Inlagd Sill,17,8,24 - 250 g  jars,12.16,19.0,112,0,20,0
37,Gravad lax,17,8,12 - 500 g pkgs.,22.62,26.0,11,50,25,0
38,Côte de Blaye,18,1,12 - 75 cl bottles,210.8,263.5,17,0,15,0
39,Chartreuse verte,18,1,750 cc per bottle,16.2,18.0,69,0,5,0
40,Boston Crab Meat,19,8,24 - 4 oz tins,9.94,18.4,123,0,30,0
41,Jack's New England Clam Chowder,19,8,12 - 12 oz cans,8.59,9.65,85,0,10,0
42,Singaporean Hokkien Fried Mee,20,5,32 - 1 kg pkgs.,7.42,14.0,26,0,0,1
43,Ipoh Coffee,20,1,16 - 500 g tins,38.18,46.0,17,10,25,0
44,Gula Malacca,20,2,20 - 2 kg bags,10.31,19.45,27,0,15,0
45,Rogede sild,21,8,1k pkg.,6.75,9.5,5,70,15,0
46,Spegesild,21,8,4 - 450 g glasses,7.68,12.0,95,0,0,0
47,Zaanse koeken,22,3,10 - 4 oz boxes,8.55,9.5,36,0,0,0
48,Chocolade,22,3,10 pkgs.,11.47,12.75,15,70,25,0
49,Maxilaku,23,3,24 - 50 g pkgs.,16.6,20.0,10,60,15,0
50,Valkoinen suklaa,23,3,12 - 100 g bars,11.05,16.25,65,0,30,0
51,Manjimup Dried Apples,24,7,50 - 300 g pkgs.,41.87,53.0,20,0,10,0
52,Filo Mix,24,5,16 - 2 kg boxes,4.76,7.0,38,0,25,0
53,Perth Pasties,24,6,48 pieces,29.52,32.8,0,0,0,1
54,Tourtière,25,6,16 pies,6.48,7.45,21,0,10,0
55,Pâté chinois,25,6,24 boxes x 2 pies,16.56,24.0,115,0,20,0
56,Gnocchi di nonna Alice,26,5,24 - 250 g pkgs.,29.26,38.0,21,10,30,0
57,Ravioli Angelo,26,5,24 - 250 g pkgs.,11.51,19.5,36,0,20,0
58,Escargots de Bourgogne,27,8,24 pieces,9.14,13.25,62,0,20,0
59,Raclette Courdavault,28,4,5 kg pkg.,45.1,55.0,79,0,0,0
60,Camembert Pierrot,28,4,15 - 300 g rounds,20.06,34.0,19,0,0,0
61,Sirop d'érable,29,2,24 - 500 ml bottles,23.94,28.5,113,0,25,0
62,Tarte au sucre,29,3,48 pies,40.43,49.3,17,0,0,0
63,Vegie-spread,7,2,15 - 625 g jars,36.88,43.9,24,0,5,0
64,Wimmers gute Semmelknödel,12,5,20 bags x 4 pieces,26.6,33.25,22,80,30,0
65,Louisiana Fiery Hot Pepper Sauce,2,2,32 - 8 oz bottles,15.16,21.05,76,0,0,0
66,Louisiana Hot Spiced Okra,2,2,24 - 8 oz jars,13.94,17.0,4,100,20,0
67,Laughing Lumberjack Lager,16,1,24 - 12 oz bottles,11.2,14.0,52,0,10,0
68,Scottish Longbreads,8,3,10 boxes x 8 pieces,9.38,12.5,6,10,15,0
69,Gudbrandsdalsost,15,4,10 kg pkg.,23.04,36.0,26,0,15,0
70,Outback Lager,7,1,24 - 355 ml bottles,8.55,15.0,15,10,30,0
71,Flotemysost,15,4,10 - 500 g pkgs.,14.84,21.5,26,0,0,0
72,Mozzarella di Giovanni,14,4,24 - 200 g pkgs.,27.14,34.8,14,0,0,0
73,Röd Kaviar,17,8,24 - 150 g jars,11.7,15.0,101,0,5,0
74,Longlife Tofu,4,7,5 kg pkg.,9.1,10.0,4,20,5,0
75,Rhönbräu Klosterbier,12,1,24 - 0.5 l bottles,5.81,7.75,125,0,25,0
76,Lakkalikööri,23,1,500 ml,12.24,18.0,57,0,20,0
77,Original Frankfurter grüne Soße,12,2,12 boxes,8.71,13.0,32,0,15,0
78,Brown eggs,19,dairy,24 - 250 ml bottles,25.29,28.1,14,40,20,0
79,Sweet fresh stawberry,30,fruit,10 boxes x 20 bags,24.74,29.45,10,20,20,0
80,Asparagus,11,vegetable,12 - 12 oz jars,16.87,18.95,62,20,25,0
81,Green smoothie,18,dairy,30 gift boxes,10.78,17.68,104,30,5,0
82,Raw legums,11,vegetable,24 - 50 g pkgs.,15.4,17.11,10,100,20,0
83,Baking cake,5,dairy,12 - 75 cl bottles,9.58,11.14,95,10,30,0
84,Pesto with basil,6,vegetable,24 boxes x 2 pies,11.64,18.19,9,60,10,1
85,Hazelnut in black ceramic bowl,4,vegetable,12 boxes,22.97,27.35,27,80,0,0
86,Fresh stawberry,29,fruit,12 - 12 oz jars,22.3,28.59,31,70,15,0
87,Lemon and salt,2,fruit,24 - 500 ml bottles,12.79,15.79,57,40,30,0
88,Homemade bread,3,bakery,24 - 0.5 l bottles,11.01,17.48,6,0,15,0
89,Legums,10,vegetable,5 kg pkg.,11.67,14.77,79,40,0,0
90,Fresh tomato,31,vegetable,20 - 2 kg bags,8.15,16.3,29,50,25,0
91,Healthy breakfast,29,fruit,48 pies,7.16,13.02,17,0,30,0
92,Green beans,28,vegetable,25 - 825 g cans,25.34,28.79,19,20,5,0
93,Baked stuffed portabello mushrooms,14,bakery,4 - 450 g glasses,18.89,20.31,32,80,0,0
94,Strawberry jelly,16,fruit,40 - 100 g pkgs.,9.08,14.18,104,0,30,0
95,Pears juice,24,fruit,12 - 550 ml bottles,16.76,19.49,17,100,20,0
96,Fresh pears,27,fruit,100 - 100 g pieces,11.94,15.12,32,60,20,0
97,Caprese salad,29,vegetable,16 pies,9.05,16.76,104,30,15,0
98,Oranges,12,fruit,25 - 825 g cans,17.83,21.48,35,0,30,0
99,Vegan food,25,vegetable,12 - 8 oz jars,19.58,29.66,19,20,10,0
100,Breakfast with muesli,25,dairy,36 boxes,13.85,22.7,49,40,10,0
101,Honey,4,bakery,10 boxes x 8 pieces,13.61,17.01,29,70,5,0
102,Breakfast with cottage,22,fruit,16 - 2 kg boxes,11.66,14.05,26,100,10,0
103,Strawberry smoothie,5,fruit,5 kg pkg.,26.55,28.86,125,20,25,0
104,Strawberry and mint,13,fruit,10 boxes x 8 pieces,17.04,26.21,5,20,30,0
105,Ricotta,29,dairy,750 cc per bottle,19.19,27.81,5,70,20,0
106,Cuban sandwiche,22,bakery,15 - 625 g jars,9.44,18.5,0,0,0,0
107,Granola,22,dairy,24 boxes x 2 pies,20.68,29.97,6,10,25,0
108,Smoothie with chia seeds,15,fruit,24 - 250 ml bottles,13.14,25.26,53,10,25,0
109,Yogurt,5,dairy,10 boxes x 12 pieces,18.22,27.61,9,40,10,0
110,Sandwich with salad,13,vegetable,10 - 500 g pkgs.,15.06,22.48,22,20,25,0
111,Cherry,14,fruit,24 - 250 g  jars,8.9,14.35,111,50,10,1
112,Raw asparagus,26,vegetable,24 - 8 oz jars,20.21,22.97,10,100,0,0
113,Corn,18,vegetable,24 - 250 g pkgs.,12.47,13.55,38,60,15,1
114,Vegan,21,vegan,100 - 250 g bags,16.22,28.96,27,80,30,0
115,Fresh blueberries,11,fruit,20 bags x 4 pieces,14.5,21.01,38,80,5,1
116,Smashed avocado,23,fruit,32 - 8 oz bottles,22.52,25.88,79,100,25,0
117,Italian ciabatta,9,bakery,32 - 500 g boxes,7.59,15.18,38,80,15,0
118,Rustic breakfast,30,dairy,500 g,13.22,21.32,31,10,25,0
119,Sliced lemons,27,fruit,16 pies,18.18,27.14,31,30,30,0
120,Plums,10,fruit,750 cc per bottle,14.38,19.18,86,60,25,0
121,French fries,18,bakery,24 - 355 ml bottles,16.12,18.32,6,100,30,0
122,Strawberries,27,fruit,16 kg pkg.,13.01,15.13,76,60,15,0
123,Ground beef meat burger,6,meat,24 - 12 oz bottles,6.8,11.73,11,20,30,0
124,Tomatoes,6,fruit,10 boxes x 20 bags,16.66,26.03,53,10,15,0
125,Basil,22,vegetable,10 - 4 oz boxes,10.33,15.19,22,0,25,0
126,Fruits bouquet,7,fruit,1 kg pkg.,14.18,18.18,61,50,30,0
127,Peaches on branch,2,fruit,24 - 500 ml bottles,14.35,25.62,17,80,0,1
